[
  [
    {
      "x": 15,
      "c": "#eebbcb",
      "a": 7
    },
    "",
    ""
  ],
  [
    {
      "y": 0.25,
      "x": 2,
      "c": "#cccccc",
      "a": 4
    },
    "Esc",
    "!\n1",
    "@\n2",
    "#\n3",
    "$\n4",
    "%\n5",
    "^\n6",
    "&\n7",
    "*\n8",
    "(\n9",
    ")\n0",
    "_\n-",
    "+\n=",
    {
      "c": "#eebbcb",
      "w": 2
    },
    "Backspace",
    {
      "c": "#cccccc"
    },
    "Home"
  ],
  [
    {
      "x": 2,
      "w": 1.5
    },
    "Tab",
    "Q",
    "W",
    "E",
    "R",
    "T",
    "Y",
    "U",
    "I",
    "O",
    "P",
    "{\n[",
    "}\n]",
    {
      "w": 1.5
    },
    "|\n\\",
    "PgUp"
  ],
  [
    {
      "c": "#bbbcde",
      "a": 7,
      "w": 1.25,
      "w2": 1.75,
      "l": true
    },
    "",
    {
      "x": 0.75,
      "a": 4,
      "w": 1.75
    },
    "Caps Lock",
    {
      "c": "#cccccc"
    },
    "A",
    "S",
    "D",
    "F",
    "G",
    "H",
    "J",
    "K",
    "L",
    ":\n;",
    "\"\n'",
    {
      "w": 2.25
    },
    "Enter",
    "PgDn"
  ],
  [
    {
      "x": 2,
      "w": 2.25
    },
    "Shift",
    "Z",
    "X",
    "C",
    "V",
    "B",
    "N",
    "M",
    "<\n,",
    ">\n.",
    "?\n/",
    {
      "w": 1.75
    },
    "Shift",
    "↑",
    "End"
  ],
  [
    {
      "x": 2,
      "c": "#fff1cf",
      "w": 1.5
    },
    "Ctrl",
    "Win",
    {
      "w": 1.5
    },
    "Alt",
    {
      "a": 7,
      "w": 7
    },
    "",
    {
      "a": 4,
      "w": 1.5
    },
    "Ctrl",
    {
      "x": 0.5,
      "c": "#cccccc"
    },
    "←",
    "↓",
    "→"
  ],
  [
    {
      "y": 0.25,
      "x": 2,
      "c": "#fff1cf",
      "a": 7,
      "w": 1.25
    },
    "",
    {
      "w": 1.25
    },
    "",
    {
      "w": 1.25
    },
    "",
    {
      "w": 6.25
    },
    "",
    {
      "w": 1.25
    },
    "",
    {
      "w": 1.25
    },
    ""
  ]
]